{
  "accuracy": [
    0.6195651888847351,
    0.64402174949646,
    0.64402174949646,
    0.64402174949646,
    0.64402174949646,
    0.64402174949646,
    0.64402174949646,
    0.64402174949646,
    0.64402174949646,
    0.64402174949646,
    0.645380437374115,
    0.6630434989929199,
    0.6847826242446899,
    0.6847826242446899,
    0.70652174949646,
    0.70923912525177,
    0.7241848111152649,
    0.739130437374115,
    0.75,
    0.748641312122345,
    0.773097813129425,
    0.7663043737411499,
    0.773097813129425,
    0.7839673757553101,
    0.7853260636329651
  ],
  "loss": [
    1.4594405889511108,
    1.4058542251586914,
    1.3413641452789307,
    1.3390319347381592,
    1.3235068321228027,
    1.3107625246047974,
    1.3175222873687744,
    1.3116958141326904,
    1.3455872535705566,
    1.2888027429580688,
    1.255225658416748,
    1.174109935760498,
    1.1395114660263062,
    1.091165542602539,
    1.0332571268081665,
    0.9720644950866699,
    0.9828887581825256,
    0.9253404140472412,
    0.8840884566307068,
    0.8528889417648315,
    0.8093284964561462,
    0.7804675102233887,
    0.7595961093902588,
    0.7482601404190063,
    0.7567037343978882
  ],
  "val_accuracy": [
    0.64673912525177,
    0.64673912525177,
    0.64673912525177,
    0.64673912525177,
    0.64673912525177,
    0.64673912525177,
    0.64673912525177,
    0.64673912525177,
    0.64673912525177,
    0.64673912525177,
    0.64673912525177,
    0.7010869383811951,
    0.7228260636329651,
    0.7228260636329651,
    0.7228260636329651,
    0.7336956262588501,
    0.77173912525177,
    0.7771739363670349,
    0.782608687877655,
    0.79347825050354,
    0.79347825050354,
    0.804347813129425,
    0.7880434989929199,
    0.83152174949646,
    0.8369565010070801
  ],
  "val_loss": [
    1.3074690103530884,
    1.3232883214950562,
    1.2866880893707275,
    1.2834923267364502,
    1.3824355602264404,
    1.2710919380187988,
    1.32499361038208,
    1.2617918252944946,
    1.3053497076034546,
    1.2733514308929443,
    1.1688215732574463,
    1.0484280586242676,
    0.9736940860748291,
    0.9204601049423218,
    1.0357245206832886,
    0.7563537955284119,
    0.7506340742111206,
    0.7208037972450256,
    0.7714040875434875,
    0.7003806829452515,
    0.6498222351074219,
    0.6221759915351868,
    0.6553203463554382,
    0.5864084362983704,
    0.5432627201080322
  ]
}